"Athlete","Year","Time","Meet","Meet_Date","Team","Event","Season","Location"
"Tave, Jennifer","SR","10:26.50","4 Way Scoring Meet","Feb 20, 2010","Athena","3000","2010","Outdoor"
"McLean, Lacey","SO-2","11:01.82","4 Way Scoring Meet","Feb 20, 2010","Athena","3000","2010","Outdoor"
"Rigby, Julia","SO-2","11:18.68","4 Way Scoring Meet","Feb 20, 2010","Athena","3000","2010","Outdoor"
"Hogue, Marnie","SR","11:20.04","4 Way Scoring Meet","Feb 20, 2010","Athena","3000","2010","Outdoor"
"Scott, Ashley","JR-3","12:12.18","4 Way Scoring Meet","Feb 20, 2010","Athena","3000","2010","Outdoor"
