"Athlete","Year","Mark","Conv","Meet","Meet_Date","Wind","Team","Event","Season","Location"
"Colton, Reny","SR","5.71m","18' 9""","SCIAC Quad #1 at CMS","Mar 5, 2011",0.9,"Athena","LJ","2011","Outdoor"
"Colton, Reny","SR","5.65m","18' 6.5""","Caltech/CMS/La Verne/Pomona-Pitzer","Apr 16, 2011",0.8,"Athena","LJ","2011","Outdoor"
"Colton, Reny","SR","5.63m","18' 5.75""","2011 SCIAC Track & Field Championships","Apr 29, 2011",1.4,"Athena","LJ","2011","Outdoor"
"Colton, Reny","SR","5.60m","18' 4.5""","2011 SCIAC Track & Field Championships","Apr 29, 2011",0.4,"Athena","LJ","2011","Outdoor"
"Colton, Reny","SR","5.59m","18' 4.25""","2011 NCAA Division III Outdoor Track & Field Championships","May 26, 2011",-1,"Athena","LJ","2011","Outdoor"
"Colton, Reny","SR","5.48m","17' 11.75""","Northridge Multi Events","Mar 17, 2011",0,"Athena","LJ","2011","Outdoor"
"Colton, Reny","SR","5.38m","17' 8""","2011 NCAA Division III Outdoor Track & Field Championships","May 26, 2011",0,"Athena","LJ","2011","Outdoor"
"Colton, Reny","SR","5.29m","17' 4.25""","2011 NCAA Division III Outdoor Track & Field Championships","May 26, 2011",-1.3,"Athena","LJ","2011","Outdoor"
"Erving, Ellyn","","5.26m","17' 3.25""","SCIAC Quad #1 at CMS","Mar 5, 2011",0,"Athena","LJ","2011","Outdoor"
"Colton, Reny","SR","5.26m","17' 3.25""","2011 NCAA Division III Outdoor Track & Field Championships","May 26, 2011",-1.6,"Athena","LJ","2011","Outdoor"
"Colton, Reny","SR","5.24m","17' 2.25""","Northridge Multi Events","Mar 17, 2011",1.8,"Athena","LJ","2011","Outdoor"
"Erving, Ellyn","","5.22m","17' 1.5""","Rossi Relays","Feb 26, 2011",1.9,"Athena","LJ","2011","Outdoor"
"Colton, Reny","SR","5.22m","17' 1.5""","2011 NCAA Division III Outdoor Track & Field Championships","May 26, 2011",0,"Athena","LJ","2011","Outdoor"
"Erving, Ellyn","","5.21m","17' 1.25""","2011 NCAA Division III Outdoor Track & Field Championships","May 26, 2011",1,"Athena","LJ","2011","Outdoor"
"Erving, Ellyn","","5.14m","16' 10.5""","2011 NCAA Division III Outdoor Track & Field Championships","May 26, 2011",0,"Athena","LJ","2011","Outdoor"
"Colton, Reny","SR","5.08m","16' 8""","2011 SCIAC Track & Field Championships","Apr 29, 2011",1.1,"Athena","LJ","2011","Outdoor"
"Erving, Ellyn","","5.07m","16' 7.75""","Caltech/CMS/La Verne/Pomona-Pitzer","Apr 16, 2011",0.7,"Athena","LJ","2011","Outdoor"
"Erving, Ellyn","","5.01m","16' 5.25""","Caltech/CMS/La Verne/Pomona-Pitzer","Apr 16, 2011",0,"Athena","LJ","2011","Outdoor"
"Colton, Reny","SR","5.00m","16' 5""","Northridge Multi Events","Mar 17, 2011",-1.5,"Athena","LJ","2011","Outdoor"
"Zouai, Manon","","4.77m","15' 7.75""","Caltech/CMS/La Verne/Pomona-Pitzer","Apr 16, 2011",1,"Athena","LJ","2011","Outdoor"
"Zouai, Manon","","4.76m","15' 7.5""","Caltech/CMS/La Verne/Pomona-Pitzer","Apr 16, 2011",-0.6,"Athena","LJ","2011","Outdoor"
"Zouai, Manon","","4.66m","15' 3.5""","SCIAC Quad #1 at CMS","Mar 5, 2011",1,"Athena","LJ","2011","Outdoor"
"Zouai, Manon","","4.62m","15' 2""","2011 Pomona-Pitzer Invite","Apr 9, 2011",-0.2,"Athena","LJ","2011","Outdoor"
"Zouai, Manon","","4.61m","15' 1.5""","Caltech/CMS/La Verne/Pomona-Pitzer","Apr 16, 2011",1.8,"Athena","LJ","2011","Outdoor"
"Zouai, Manon","","4.50m","14' 9.25""","Univ. of Redlands SCIAC Quad","Apr 2, 2011",1.2,"Athena","LJ","2011","Outdoor"
"Zouai, Manon","","4.49m","14' 8.75""","UC-Irvine Spring Break Invite","Mar 19, 2011",0,"Athena","LJ","2011","Outdoor"
"Zouai, Manon","","4.37m","14' 4""","Caltech/CMS/La Verne/Pomona-Pitzer","Apr 16, 2011",-0.5,"Athena","LJ","2011","Outdoor"
"Zouai, Manon","","4.37m","14' 4""","UC-Irvine Spring Break Invite","Mar 19, 2011",0.6,"Athena","LJ","2011","Outdoor"
"Zouai, Manon","","4.33m","14' 2.5""","2011 Pomona-Pitzer Invite","Apr 9, 2011",-0.8,"Athena","LJ","2011","Outdoor"
"Zouai, Manon","","4.25m","13' 11.5""","UC-Irvine Spring Break Invite","Mar 19, 2011",0,"Athena","LJ","2011","Outdoor"
"Zouai, Manon","","4.12m","13' 6.25""","Caltech/CMS/La Verne/Pomona-Pitzer","Apr 16, 2011",0.3,"Athena","LJ","2011","Outdoor"
"Zouai, Manon","","3.63m","11' 11""","UC-Irvine Spring Break Invite","Mar 19, 2011",0.7,"Athena","LJ","2011","Outdoor"
"Zouai, Manon","","3.54m","11' 7.5""","2011 Pomona-Pitzer Invite","Apr 9, 2011",-2.4,"Athena","LJ","2011","Outdoor"
