"Athlete","Year","Time","Meet","Meet_Date","Team","Event","Season","Location"
"Barnwell, Allison","JR-3","17:25.47","Occidental Distance Carnival","Mar 15, 2013","Athena","5000","2013","Outdoor"
"Blum, Bridget","FR-1","17:27.72","Occidental Distance Carnival","Mar 15, 2013","Athena","5000","2013","Outdoor"
"Blum, Bridget","FR-1","17:29.47","Oxy Invitational","May 4, 2013","Athena","5000","2013","Outdoor"
"Blum, Bridget","FR-1","17:32.39","Cal-Nevada Championships","Mar 29, 2013","Athena","5000","2013","Outdoor"
"Blum, Bridget","FR-1","17:33.09","Oxy-Lu Last Chance Qualifier","May 12, 2013","Athena","5000","2013","Outdoor"
"Mostatabi, Sara","SO-2","17:36.22","2013 SCIAC Track & Field Championships","Apr 26, 2013","Athena","5000","2013","Outdoor"
"Barnwell, Allison","JR-3","17:41.37","2013 SCIAC Track & Field Championships","Apr 26, 2013","Athena","5000","2013","Outdoor"
"Blum, Bridget","FR-1","17:43.03","2013 SCIAC Track & Field Championships","Apr 26, 2013","Athena","5000","2013","Outdoor"
"Zimmerling, Aubrey","SR-4","17:52.58","Cal-Nevada Championships","Mar 29, 2013","Athena","5000","2013","Outdoor"
"Mostatabi, Sara","SO-2","17:59.90","Oxy Invitational","May 4, 2013","Athena","5000","2013","Outdoor"
"Barnwell, Allison","JR-3","18:00.72","Oxy-Lu Last Chance Qualifier","May 12, 2013","Athena","5000","2013","Outdoor"
"Mostatabi, Sara","SO-2","18:02.02","Cal Tech SCIAC 3-Way","Mar 2, 2013","Athena","5000","2013","Outdoor"
"Mostatabi, Sara","SO-2","18:05.62","Cal-Nevada Championships","Mar 29, 2013","Athena","5000","2013","Outdoor"
"Wu, Taia","SO-2","18:07.48","Cal-Nevada Championships","Mar 29, 2013","Athena","5000","2013","Outdoor"
"Wu, Taia","SO-2","18:17.11","Occidental Distance Carnival","Mar 15, 2013","Athena","5000","2013","Outdoor"
"Hogue, Marnie","SR-4","18:22.54","Cal-Nevada Championships","Mar 29, 2013","Athena","5000","2013","Outdoor"
"Mostatabi, Sara","SO-2","18:25.97","SCIAC Quad Meet","Apr 6, 2013","Athena","5000","2013","Outdoor"
"Fuelling, Meghan","FR-1","18:26.76","2013 Pomona-Pitzer T&F Invite","Apr 13, 2013","Athena","5000","2013","Outdoor"
"Williams, Tess","FR-1","18:28.47","2013 SCIAC Track & Field Championships","Apr 26, 2013","Athena","5000","2013","Outdoor"
"Wu, Taia","SO-2","18:29.21","2013 SCIAC Track & Field Championships","Apr 26, 2013","Athena","5000","2013","Outdoor"
"Spees, Kaitlyn","SO-2","18:30.31","2013 SCIAC Track & Field Championships","Apr 26, 2013","Athena","5000","2013","Outdoor"
"Hogue, Marnie","SR-4","18:30.45","2013 SCIAC Track & Field Championships","Apr 26, 2013","Athena","5000","2013","Outdoor"
"Fuelling, Meghan","FR-1","18:33.18","Occidental Distance Carnival","Mar 15, 2013","Athena","5000","2013","Outdoor"
"Williams, Tess","FR-1","18:38.76","2013 Pomona-Pitzer T&F Invite","Apr 13, 2013","Athena","5000","2013","Outdoor"
"Spees, Kaitlyn","SO-2","18:41.65","2013 Pomona-Pitzer T&F Invite","Apr 13, 2013","Athena","5000","2013","Outdoor"
"Williams, Tess","FR-1","18:46.48","Occidental Distance Carnival","Mar 15, 2013","Athena","5000","2013","Outdoor"
"Spees, Kaitlyn","SO-2","18:47.23","Occidental Distance Carnival","Mar 15, 2013","Athena","5000","2013","Outdoor"
"Fuelling, Meghan","FR-1","18:48.12","2013 SCIAC Track & Field Championships","Apr 26, 2013","Athena","5000","2013","Outdoor"
"Wu, Taia","SO-2","18:52.64","Oxy Invitational","May 4, 2013","Athena","5000","2013","Outdoor"
"Brookshire, Rae","FR-1","18:55.03","Occidental Distance Carnival","Mar 15, 2013","Athena","5000","2013","Outdoor"
"Brookshire, Rae","FR-1","18:55.32","2013 SCIAC Track & Field Championships","Apr 26, 2013","Athena","5000","2013","Outdoor"
"Rigby, Allison","JR-3","18:56.58","2013 Pomona-Pitzer T&F Invite","Apr 13, 2013","Athena","5000","2013","Outdoor"
"Hogue, Marnie","SR-4","18:57.48","Cal Tech SCIAC 3-Way","Mar 2, 2013","Athena","5000","2013","Outdoor"
"Hogue, Marnie","SR-4","19:05.76","SCIAC Quad Meet","Apr 6, 2013","Athena","5000","2013","Outdoor"
"Rigby, Allison","JR-3","19:09.21","Occidental Distance Carnival","Mar 15, 2013","Athena","5000","2013","Outdoor"
"Rigby, Allison","JR-3","19:12.78","2013 SCIAC Track & Field Championships","Apr 26, 2013","Athena","5000","2013","Outdoor"
"Fuelling, Meghan","FR-1","19:17.12","Cal Tech SCIAC 3-Way","Mar 2, 2013","Athena","5000","2013","Outdoor"
"Williams, Tess","FR-1","19:17.60","Cal Tech SCIAC 3-Way","Mar 2, 2013","Athena","5000","2013","Outdoor"
"Girvan, Katie","FR-1","19:23.54","2013 Pomona-Pitzer T&F Invite","Apr 13, 2013","Athena","5000","2013","Outdoor"
"Brookshire, Rae","FR-1","19:23.91","Cal Tech SCIAC 3-Way","Mar 2, 2013","Athena","5000","2013","Outdoor"
"Brookshire, Rae","FR-1","19:26.90","SCIAC Quad Meet","Apr 6, 2013","Athena","5000","2013","Outdoor"
"Brookshire, Rae","FR-1","19:27.00","Caltech/Chapman/CMS/Occidental/Pomona-Pitzer","Mar 23, 2013","Athena","5000","2013","Outdoor"
"Mostatabi, Sara","SO-2","19:27.69","Caltech/Chapman/CMS/Occidental/Pomona-Pitzer","Mar 23, 2013","Athena","5000","2013","Outdoor"
"Rigby, Allison","JR-3","19:45.43","SCIAC Quad Meet","Apr 6, 2013","Athena","5000","2013","Outdoor"
"Rigby, Allison","JR-3","19:48.10","Caltech/Chapman/CMS/Occidental/Pomona-Pitzer","Mar 23, 2013","Athena","5000","2013","Outdoor"
"Rigby, Allison","JR-3","19:58.66","Cal Tech SCIAC 3-Way","Mar 2, 2013","Athena","5000","2013","Outdoor"
"Girvan, Katie","FR-1","20:30.87","2013 SCIAC Track & Field Championships","Apr 26, 2013","Athena","5000","2013","Outdoor"
"Girvan, Katie","FR-1","20:56.80","SCIAC Quad Meet","Apr 6, 2013","Athena","5000","2013","Outdoor"
"Girvan, Katie","FR-1","21:09.51","Cal Tech SCIAC 3-Way","Mar 2, 2013","Athena","5000","2013","Outdoor"
"Girvan, Katie","FR-1","22:04.94","Caltech/Chapman/CMS/Occidental/Pomona-Pitzer","Mar 23, 2013","Athena","5000","2013","Outdoor"
"Snider, Leah","FR-1","23:00.76","Caltech/Chapman/CMS/Occidental/Pomona-Pitzer","Mar 23, 2013","Athena","5000","2013","Outdoor"
"Yao, Tracy","SO-2","23:33.36","Caltech/Chapman/CMS/Occidental/Pomona-Pitzer","Mar 23, 2013","Athena","5000","2013","Outdoor"
"Snider, Leah","FR-1","23:34.84","Occidental Distance Carnival","Mar 15, 2013","Athena","5000","2013","Outdoor"
"Snider, Leah","FR-1","23:36.19","Cal Tech SCIAC 3-Way","Mar 2, 2013","Athena","5000","2013","Outdoor"
"Snider, Leah","FR-1","23:39.84","2013 SCIAC Track & Field Championships","Apr 26, 2013","Athena","5000","2013","Outdoor"
