"Athlete","Year","Mark","Conv","Meet","Meet_Date","Team","Event","Season","Location"
"Bodenbender, Zane","FR-1","3.66m","12' 0""","SCIAC Multi Duals Meet #3","Apr 19, 2014","Stag","PV","2014","Outdoor"
"Bodenbender, Zane","FR-1","3.51m","11' 6.25""","2014 SCIAC T&F Championships","May 3, 2014","Stag","PV","2014","Outdoor"
"Bodenbender, Zane","FR-1","3.51m","11' 6.25""","SCIAC Multi Duals Meet #3","Apr 19, 2014","Stag","PV","2014","Outdoor"
"Bodenbender, Zane","FR-1","3.45m","11' 3.75""","2014 Pomona-Pitzer T&F Invite (College/Univ)","Apr 12, 2014","Stag","PV","2014","Outdoor"
"Bodenbender, Zane","FR-1","3.36m","11' 0.25""","2014 SCIAC T&F Championships","May 3, 2014","Stag","PV","2014","Outdoor"
"Bodenbender, Zane","FR-1","3.35m","10' 11.75""","2014 SCIAC Quad Meet","Mar 29, 2014","Stag","PV","2014","Outdoor"
"Bodenbender, Zane","FR-1","3.35m","10' 11.75""","UNLV Randall Cunningham Initational","Mar 21, 2014","Stag","PV","2014","Outdoor"
"Bodenbender, Zane","FR-1","3.35m","10' 11.75""","Cal Lutheran/CMS/La Verne/Occidental","Mar 8, 2014","Stag","PV","2014","Outdoor"
"Bodenbender, Zane","FR-1","3.30m","10' 10""","2014 Pomona-Pitzer T&F Invite (College/Univ)","Apr 12, 2014","Stag","PV","2014","Outdoor"
"Bodenbender, Zane","FR-1","3.21m","10' 6.25""","SCIAC Multi Duals Meet #3","Apr 19, 2014","Stag","PV","2014","Outdoor"
"Bodenbender, Zane","FR-1","3.20m","10' 6""","Cal Lutheran/CMS/La Verne/Occidental","Mar 8, 2014","Stag","PV","2014","Outdoor"
"Laufer, Iain","FR-1","3.06m","10' 0.5""","2014 SCIAC T&F Championships","May 3, 2014","Stag","PV","2014","Outdoor"
"Bodenbender, Zane","FR-1","3.05m","10' 0""","UNLV Randall Cunningham Initational","Mar 21, 2014","Stag","PV","2014","Outdoor"
"Bodenbender, Zane","FR-1","3.05m","10' 0""","Cal Lutheran/CMS/La Verne/Occidental","Mar 8, 2014","Stag","PV","2014","Outdoor"
"Laufer, Iain","FR-1","2.91m","9' 6.5""","SCIAC Multi Duals Meet #3","Apr 19, 2014","Stag","PV","2014","Outdoor"
"Scott, Matthew","SO-2","2.90m","9' 6.25""","Cal Lutheran/CMS/La Verne/Occidental","Mar 8, 2014","Stag","PV","2014","Outdoor"
"Scott, Matthew","SO-2","2.90m","9' 6.25""","2014 SCIAC Quad Meet","Mar 29, 2014","Stag","PV","2014","Outdoor"
"Laufer, Iain","FR-1","2.76m","9' 0.5""","SCIAC Multi Duals Meet #3","Apr 19, 2014","Stag","PV","2014","Outdoor"
"Scott, Matthew","SO-2","2.75m","9' 0.25""","Cal Lutheran/CMS/La Verne/Occidental","Mar 8, 2014","Stag","PV","2014","Outdoor"
"Laufer, Iain","FR-1","2.61m","8' 6.75""","SCIAC Multi Duals Meet #3","Apr 19, 2014","Stag","PV","2014","Outdoor"
"Laufer, Iain","FR-1","2.44m","8' 0""","UNLV Randall Cunningham Initational","Mar 21, 2014","Stag","PV","2014","Outdoor"
"Laufer, Iain","FR-1","2.44m","8' 0""","2014 Pomona-Pitzer T&F All Comers","Feb 15, 2014","Stag","PV","2014","Outdoor"
