"Athlete","Year","Mark","Conv","Meet","Meet_Date","Team","Event","Season","Location"
"Bassett, Emily","FR-1","50.97m","167' 3""","Pomona-Pitzer/Whittier/La Verne/Claremont-M-S","Mar 28, 2015","Athena","HT","2015","Outdoor"
"Bassett, Emily","FR-1","50.13m","164' 6""","Caltech/Cal Lu/Chapman/CMS/Whittier","Apr 11, 2015","Athena","HT","2015","Outdoor"
"Bassett, Emily","FR-1","49.56m","162' 7""","Occidental Invitational (College/University)","May 9, 2015","Athena","HT","2015","Outdoor"
"Bassett, Emily","FR-1","49.25m","161' 7""","Pomona-Pitzer/Whittier/La Verne/Claremont-M-S","Mar 28, 2015","Athena","HT","2015","Outdoor"
"Bassett, Emily","FR-1","48.41m","158' 10""","Pomona-Pitzer/Whittier/La Verne/Claremont-M-S","Mar 28, 2015","Athena","HT","2015","Outdoor"
"Bassett, Emily","FR-1","48.34m","158' 7""","2015 SCIAC Track & Field Championships","May 1, 2015","Athena","HT","2015","Outdoor"
"Bassett, Emily","FR-1","47.46m","155' 8""","Pomona-Pitzer/Whittier/La Verne/Claremont-M-S","Mar 28, 2015","Athena","HT","2015","Outdoor"
"Bassett, Emily","FR-1","47.40m","155' 6""","2015 SCIAC Track & Field Championships","May 1, 2015","Athena","HT","2015","Outdoor"
"Bassett, Emily","FR-1","47.35m","155' 4""","Caltech/Cal Lu/Chapman/CMS/Whittier","Apr 11, 2015","Athena","HT","2015","Outdoor"
"Bassett, Emily","FR-1","46.98m","154' 1""","Caltech/Cal Lu/Chapman/CMS/Whittier","Apr 11, 2015","Athena","HT","2015","Outdoor"
"Bassett, Emily","FR-1","46.91m","153' 11""","Caltech/Cal Lu/Chapman/CMS/Whittier","Apr 11, 2015","Athena","HT","2015","Outdoor"
"Bassett, Emily","FR-1","46.81m","153' 7""","2015 Pomona-Pitzer T&F Invite","Apr 4, 2015","Athena","HT","2015","Outdoor"
"Bassett, Emily","FR-1","46.80m","153' 6""","2015 SCIAC Track & Field Championships","May 1, 2015","Athena","HT","2015","Outdoor"
"Bassett, Emily","FR-1","46.59m","152' 10""","Pomona-Pitzer/Whittier/La Verne/Claremont-M-S","Mar 28, 2015","Athena","HT","2015","Outdoor"
"Palunas, Vaiva","SO-2","46.41m","152' 3""","2015 SCIAC Track & Field Championships","May 1, 2015","Athena","HT","2015","Outdoor"
"Bassett, Emily","FR-1","46.35m","152' 1""","Pomona-Pitzer/Whittier/La Verne/Claremont-M-S","Mar 28, 2015","Athena","HT","2015","Outdoor"
"Bassett, Emily","FR-1","46.25m","151' 9""","Occidental Invitational (College/University)","May 9, 2015","Athena","HT","2015","Outdoor"
"Bassett, Emily","FR-1","45.87m","150' 6""","SCIAC Multi Dual","Mar 7, 2015","Athena","HT","2015","Outdoor"
"Palunas, Vaiva","SO-2","45.68m","149' 10""","2015 SCIAC Track & Field Championships","May 1, 2015","Athena","HT","2015","Outdoor"
"Bassett, Emily","FR-1","45.59m","149' 7""","Caltech/Cal Lu/Chapman/CMS/Whittier","Apr 11, 2015","Athena","HT","2015","Outdoor"
"Palunas, Vaiva","SO-2","45.25m","148' 5""","Occidental Invitational (College/University)","May 9, 2015","Athena","HT","2015","Outdoor"
"Palunas, Vaiva","SO-2","45.04m","147' 9""","Caltech/Cal Lu/Chapman/CMS/Whittier","Apr 11, 2015","Athena","HT","2015","Outdoor"
"Laliberte, Nicole","SO-2","45.00m","147' 8""","SCIAC Multi Dual","Mar 7, 2015","Athena","HT","2015","Outdoor"
"Laliberte, Nicole","SO-2","44.67m","146' 7""","SCIAC Multi Dual","Mar 7, 2015","Athena","HT","2015","Outdoor"
"Bassett, Emily","FR-1","44.46m","145' 10""","SCIAC Multi Dual","Mar 7, 2015","Athena","HT","2015","Outdoor"
"Palunas, Vaiva","SO-2","44.25m","145' 2""","Caltech/Cal Lu/Chapman/CMS/Whittier","Apr 11, 2015","Athena","HT","2015","Outdoor"
"Laliberte, Nicole","SO-2","43.91m","144' 1""","Westmont Collegiate Classic","Mar 21, 2015","Athena","HT","2015","Outdoor"
"Bassett, Emily","FR-1","43.60m","143' 0""","Westmont Collegiate Classic","Mar 21, 2015","Athena","HT","2015","Outdoor"
"Maheras, Amanda","SO-2","43.50m","142' 8""","2015 SCIAC Track & Field Championships","May 1, 2015","Athena","HT","2015","Outdoor"
"Palunas, Vaiva","SO-2","43.49m","142' 8""","2015 Pomona-Pitzer T&F Invite","Apr 4, 2015","Athena","HT","2015","Outdoor"
"Laliberte, Nicole","SO-2","43.37m","142' 3""","SCIAC Multi Dual","Mar 7, 2015","Athena","HT","2015","Outdoor"
"Bassett, Emily","FR-1","43.35m","142' 3""","2015 Pomona-Pitzer All Comers","Feb 21, 2015","Athena","HT","2015","Outdoor"
"Palunas, Vaiva","SO-2","43.22m","141' 9""","Caltech/Cal Lu/Chapman/CMS/Whittier","Apr 11, 2015","Athena","HT","2015","Outdoor"
"Laliberte, Nicole","SO-2","43.20m","141' 9""","SCIAC Multi Dual","Mar 7, 2015","Athena","HT","2015","Outdoor"
"Palunas, Vaiva","SO-2","43.01m","141' 1""","Pomona-Pitzer/Whittier/La Verne/Claremont-M-S","Mar 28, 2015","Athena","HT","2015","Outdoor"
"Bassett, Emily","FR-1","42.90m","140' 9""","SCIAC Multi Dual","Mar 7, 2015","Athena","HT","2015","Outdoor"
"Maheras, Amanda","SO-2","42.85m","140' 7""","2015 SCIAC Track & Field Championships","May 1, 2015","Athena","HT","2015","Outdoor"
"Bassett, Emily","FR-1","42.82m","140' 6""","Rossi Relays","Feb 28, 2015","Athena","HT","2015","Outdoor"
"Maheras, Amanda","SO-2","42.72m","140' 2""","Caltech/Cal Lu/Chapman/CMS/Whittier","Apr 11, 2015","Athena","HT","2015","Outdoor"
"Maheras, Amanda","SO-2","42.71m","140' 1""","Occidental Invitational (College/University)","May 9, 2015","Athena","HT","2015","Outdoor"
"Palunas, Vaiva","SO-2","42.57m","139' 8""","Pomona-Pitzer/Whittier/La Verne/Claremont-M-S","Mar 28, 2015","Athena","HT","2015","Outdoor"
"Palunas, Vaiva","SO-2","42.35m","138' 11""","Pomona-Pitzer/Whittier/La Verne/Claremont-M-S","Mar 28, 2015","Athena","HT","2015","Outdoor"
"Palunas, Vaiva","SO-2","42.22m","138' 6""","Caltech/Cal Lu/Chapman/CMS/Whittier","Apr 11, 2015","Athena","HT","2015","Outdoor"
"Palunas, Vaiva","SO-2","42.15m","138' 3""","Pomona-Pitzer/Whittier/La Verne/Claremont-M-S","Mar 28, 2015","Athena","HT","2015","Outdoor"
"Palunas, Vaiva","SO-2","41.88m","137' 5""","Caltech/Cal Lu/Chapman/CMS/Whittier","Apr 11, 2015","Athena","HT","2015","Outdoor"
"Maheras, Amanda","SO-2","41.84m","137' 3""","2015 SCIAC Track & Field Championships","May 1, 2015","Athena","HT","2015","Outdoor"
"Bassett, Emily","FR-1","41.84m","137' 3""","SCIAC Multi Dual","Mar 7, 2015","Athena","HT","2015","Outdoor"
"Palunas, Vaiva","SO-2","41.83m","137' 3""","2015 Pomona-Pitzer All Comers","Feb 21, 2015","Athena","HT","2015","Outdoor"
"Palunas, Vaiva","SO-2","41.80m","137' 2""","2015 SCIAC Track & Field Championships","May 1, 2015","Athena","HT","2015","Outdoor"
"Maheras, Amanda","SO-2","41.70m","136' 10""","Caltech/Cal Lu/Chapman/CMS/Whittier","Apr 11, 2015","Athena","HT","2015","Outdoor"
"Bassett, Emily","FR-1","41.58m","136' 5""","Westmont Collegiate Classic","Mar 21, 2015","Athena","HT","2015","Outdoor"
"Bassett, Emily","FR-1","41.50m","136' 2""","2015 Pomona-Pitzer All Comers","Feb 21, 2015","Athena","HT","2015","Outdoor"
"Bassett, Emily","FR-1","41.50m","136' 2""","Rossi Relays","Feb 28, 2015","Athena","HT","2015","Outdoor"
"Bassett, Emily","FR-1","41.46m","136' 0""","2015 Pomona-Pitzer All Comers","Feb 21, 2015","Athena","HT","2015","Outdoor"
"Palunas, Vaiva","SO-2","41.45m","136' 0""","2015 Pomona-Pitzer T&F Invite","Apr 4, 2015","Athena","HT","2015","Outdoor"
"Maheras, Amanda","SO-2","41.19m","135' 2""","Caltech/Cal Lu/Chapman/CMS/Whittier","Apr 11, 2015","Athena","HT","2015","Outdoor"
"Bassett, Emily","FR-1","41.19m","135' 2""","2015 Pomona-Pitzer All Comers","Feb 21, 2015","Athena","HT","2015","Outdoor"
"Palunas, Vaiva","SO-2","41.18m","135' 1""","2015 Pomona-Pitzer All Comers","Feb 21, 2015","Athena","HT","2015","Outdoor"
"Maheras, Amanda","SO-2","41.16m","135' 0""","Rossi Relays","Feb 28, 2015","Athena","HT","2015","Outdoor"
"Laliberte, Nicole","SO-2","40.98m","134' 5""","SCIAC Multi Dual","Mar 7, 2015","Athena","HT","2015","Outdoor"
"Maheras, Amanda","SO-2","40.92m","134' 3""","2015 Pomona-Pitzer T&F Invite","Apr 4, 2015","Athena","HT","2015","Outdoor"
"Bassett, Emily","FR-1","40.72m","133' 7""","Westmont Collegiate Classic","Mar 21, 2015","Athena","HT","2015","Outdoor"
"Palunas, Vaiva","SO-2","40.41m","132' 7""","2015 Pomona-Pitzer All Comers","Feb 21, 2015","Athena","HT","2015","Outdoor"
"Maheras, Amanda","SO-2","40.39m","132' 6""","SCIAC Multi Dual","Mar 7, 2015","Athena","HT","2015","Outdoor"
"Maheras, Amanda","SO-2","40.25m","132' 1""","SCIAC Multi Dual","Mar 7, 2015","Athena","HT","2015","Outdoor"
"Maheras, Amanda","SO-2","40.19m","131' 10""","SCIAC Multi Dual","Mar 7, 2015","Athena","HT","2015","Outdoor"
"Bassett, Emily","FR-1","40.16m","131' 9""","Rossi Relays","Feb 28, 2015","Athena","HT","2015","Outdoor"
"Palunas, Vaiva","SO-2","40.08m","131' 6""","2015 Pomona-Pitzer T&F Invite","Apr 4, 2015","Athena","HT","2015","Outdoor"
"Palunas, Vaiva","SO-2","40.00m","131' 3""","Westmont Collegiate Classic","Mar 21, 2015","Athena","HT","2015","Outdoor"
"Palunas, Vaiva","SO-2","39.91m","130' 11""","2015 Pomona-Pitzer T&F Invite","Apr 4, 2015","Athena","HT","2015","Outdoor"
"Palunas, Vaiva","SO-2","39.82m","130' 8""","Westmont Collegiate Classic","Mar 21, 2015","Athena","HT","2015","Outdoor"
"Palunas, Vaiva","SO-2","39.82m","130' 8""","SCIAC Multi Dual","Mar 7, 2015","Athena","HT","2015","Outdoor"
"Bassett, Emily","FR-1","39.73m","130' 4""","Westmont Collegiate Classic","Mar 21, 2015","Athena","HT","2015","Outdoor"
"Maheras, Amanda","SO-2","39.51m","129' 7""","Pomona-Pitzer/Whittier/La Verne/Claremont-M-S","Mar 28, 2015","Athena","HT","2015","Outdoor"
"Maheras, Amanda","SO-2","39.38m","129' 2""","SCIAC Multi Dual","Mar 7, 2015","Athena","HT","2015","Outdoor"
"Maheras, Amanda","SO-2","39.32m","129' 0""","2015 Pomona-Pitzer T&F Invite","Apr 4, 2015","Athena","HT","2015","Outdoor"
"Palunas, Vaiva","SO-2","39.08m","128' 2""","Pomona-Pitzer/Whittier/La Verne/Claremont-M-S","Mar 28, 2015","Athena","HT","2015","Outdoor"
"Maheras, Amanda","SO-2","38.95m","127' 9""","Pomona-Pitzer/Whittier/La Verne/Claremont-M-S","Mar 28, 2015","Athena","HT","2015","Outdoor"
"Laliberte, Nicole","SO-2","38.90m","127' 7""","Rossi Relays","Feb 28, 2015","Athena","HT","2015","Outdoor"
"Maheras, Amanda","SO-2","38.81m","127' 4""","Occidental Invitational (College/University)","May 9, 2015","Athena","HT","2015","Outdoor"
"Palunas, Vaiva","SO-2","38.58m","126' 7""","Rossi Relays","Feb 28, 2015","Athena","HT","2015","Outdoor"
"Maheras, Amanda","SO-2","37.84m","124' 2""","Westmont Collegiate Classic","Mar 21, 2015","Athena","HT","2015","Outdoor"
"Palunas, Vaiva","SO-2","37.58m","123' 3""","2015 Pomona-Pitzer All Comers","Feb 21, 2015","Athena","HT","2015","Outdoor"
"Laliberte, Nicole","SO-2","36.84m","120' 10""","Westmont Collegiate Classic","Mar 21, 2015","Athena","HT","2015","Outdoor"
"Maheras, Amanda","SO-2","36.63m","120' 2""","SCIAC Multi Dual","Mar 7, 2015","Athena","HT","2015","Outdoor"
"Palunas, Vaiva","SO-2","36.18m","118' 8""","2015 SCIAC Track & Field Championships","May 1, 2015","Athena","HT","2015","Outdoor"
"Maheras, Amanda","SO-2","35.51m","116' 6""","Pomona-Pitzer/Whittier/La Verne/Claremont-M-S","Mar 28, 2015","Athena","HT","2015","Outdoor"
"Laliberte, Nicole","SO-2","33.54m","110' 0""","2015 Pomona-Pitzer All Comers","Feb 21, 2015","Athena","HT","2015","Outdoor"
"Maheras, Amanda","SO-2","32.88m","107' 10""","2015 Pomona-Pitzer All Comers","Feb 21, 2015","Athena","HT","2015","Outdoor"
"Maheras, Amanda","SO-2","7.69m","25' 3""","Pomona-Pitzer/Whittier/La Verne/Claremont-M-S","Mar 28, 2015","Athena","HT","2015","Outdoor"
