"Athlete","Year","Mark","Conv","Meet","Meet_Date","Team","Event","Season","Location"
"Desmond, Jacquelyn","SO-2","3.81m","12' 6""","SCIAC Multi Dual 3 (Oxy/CLU/UR/CMS)","Apr 15, 2017","Athena","PV","2017","Outdoor"
"Desmond, Jacquelyn","SO-2","3.75m","12' 3.5""","Sacramento State Hornet Invitational","Mar 17, 2017","Athena","PV","2017","Outdoor"
"Desmond, Jacquelyn","SO-2","3.70m","12' 1.5""","NCAA Division III Outdoor Track & Field Championships","May 25, 2017","Athena","PV","2017","Outdoor"
"Desmond, Jacquelyn","SO-2","3.68m","12' 0.75""","Redlands Final Qualifier","May 17, 2017","Athena","PV","2017","Outdoor"
"Desmond, Jacquelyn","SO-2","3.66m","12' 0""","SCIAC Multi Dual 3 (Oxy/CLU/UR/CMS)","Apr 15, 2017","Athena","PV","2017","Outdoor"
"Desmond, Jacquelyn","SO-2","3.65m","11' 11.75""","SCIAC Track and Field Multi-Dual # 1","Mar 4, 2017","Athena","PV","2017","Outdoor"
"Desmond, Jacquelyn","SO-2","3.62m","11' 10.5""","2017 SCIAC T&F Championships","Apr 28, 2017","Athena","PV","2017","Outdoor"
"Desmond, Jacquelyn","SO-2","3.60m","11' 9.75""","Sacramento State Hornet Invitational","Mar 17, 2017","Athena","PV","2017","Outdoor"
"Desmond, Jacquelyn","SO-2","3.55m","11' 7.75""","NCAA Division III Outdoor Track & Field Championships","May 25, 2017","Athena","PV","2017","Outdoor"
"Desmond, Jacquelyn","SO-2","3.55m","11' 7.75""","2017 Pomona-Pitzer T&F Invite","Apr 8, 2017","Athena","PV","2017","Outdoor"
"Desmond, Jacquelyn","SO-2","3.53m","11' 7""","Redlands Final Qualifier","May 17, 2017","Athena","PV","2017","Outdoor"
"Desmond, Jacquelyn","SO-2","3.52m","11' 6.5""","2017 SCIAC T&F Championships","Apr 28, 2017","Athena","PV","2017","Outdoor"
"Desmond, Jacquelyn","SO-2","3.51m","11' 6.25""","SCIAC Multi Dual 3 (Oxy/CLU/UR/CMS)","Apr 15, 2017","Athena","PV","2017","Outdoor"
"Desmond, Jacquelyn","SO-2","3.50m","11' 5.75""","SCIAC Track and Field Multi-Dual # 1","Mar 4, 2017","Athena","PV","2017","Outdoor"
"Desmond, Jacquelyn","SO-2","3.50m","11' 5.75""","SCIAC Multi-Dual No. 2","Apr 1, 2017","Athena","PV","2017","Outdoor"
"Desmond, Jacquelyn","SO-2","3.45m","11' 3.75""","Sacramento State Hornet Invitational","Mar 17, 2017","Athena","PV","2017","Outdoor"
"Desmond, Jacquelyn","SO-2","3.45m","11' 3.75""","2017 Oxy Invitational","May 6, 2017","Athena","PV","2017","Outdoor"
"Desmond, Jacquelyn","SO-2","3.40m","11' 1.75""","2017 Pomona-Pitzer T&F Invite","Apr 8, 2017","Athena","PV","2017","Outdoor"
"Desmond, Jacquelyn","SO-2","3.35m","10' 11.75""","SCIAC Track and Field Multi-Dual # 1","Mar 4, 2017","Athena","PV","2017","Outdoor"
"Chami, Dani","SO-2","3.20m","10' 6""","SCIAC Multi Dual 3 (Oxy/CLU/UR/CMS)","Apr 15, 2017","Athena","PV","2017","Outdoor"
"Chami, Dani","SO-2","3.20m","10' 6""","SCIAC Multi-Dual No. 2","Apr 1, 2017","Athena","PV","2017","Outdoor"
"Chami, Dani","SO-2","3.20m","10' 6""","Redlands Invite (Colleges)","Mar 17, 2017","Athena","PV","2017","Outdoor"
"Chami, Dani","SO-2","3.10m","10' 2""","2017 Pomona-Pitzer T&F Invite","Apr 8, 2017","Athena","PV","2017","Outdoor"
"Chami, Dani","SO-2","3.05m","10' 0""","SCIAC Track and Field Multi-Dual # 1","Mar 4, 2017","Athena","PV","2017","Outdoor"
"Chami, Dani","SO-2","3.05m","10' 0""","SCIAC Multi-Dual No. 2","Apr 1, 2017","Athena","PV","2017","Outdoor"
"Chami, Dani","SO-2","3.05m","10' 0""","Redlands Invite (Colleges)","Mar 17, 2017","Athena","PV","2017","Outdoor"
"Chami, Dani","SO-2","3.05m","10' 0""","SCIAC Multi Dual 3 (Oxy/CLU/UR/CMS)","Apr 15, 2017","Athena","PV","2017","Outdoor"
"Chami, Dani","SO-2","3.04m","9' 11.75""","Rossi Relays","Feb 25, 2017","Athena","PV","2017","Outdoor"
"Chami, Dani","SO-2","2.95m","9' 8""","2017 Pomona-Pitzer T&F Invite","Apr 8, 2017","Athena","PV","2017","Outdoor"
"Cardwell-Copenhefer, Zoe","FR-1","2.90m","9' 6.25""","SCIAC Multi Dual 3 (Oxy/CLU/UR/CMS)","Apr 15, 2017","Athena","PV","2017","Outdoor"
"Chami, Dani","SO-2","2.90m","9' 6.25""","SCIAC Multi Dual 3 (Oxy/CLU/UR/CMS)","Apr 15, 2017","Athena","PV","2017","Outdoor"
"Chami, Dani","SO-2","2.90m","9' 6.25""","SCIAC Multi-Dual No. 2","Apr 1, 2017","Athena","PV","2017","Outdoor"
"Chami, Dani","SO-2","2.90m","9' 6.25""","Redlands Invite (Colleges)","Mar 17, 2017","Athena","PV","2017","Outdoor"
"Chami, Dani","SO-2","2.90m","9' 6.25""","SCIAC Track and Field Multi-Dual # 1","Mar 4, 2017","Athena","PV","2017","Outdoor"
"Chami, Dani","SO-2","2.89m","9' 5.75""","Rossi Relays","Feb 25, 2017","Athena","PV","2017","Outdoor"
"Cardwell-Copenhefer, Zoe","FR-1","2.77m","9' 1""","2017 SCIAC T&F Championships","Apr 28, 2017","Athena","PV","2017","Outdoor"
"Cardwell-Copenhefer, Zoe","FR-1","2.75m","9' 0.25""","SCIAC Multi-Dual No. 2","Apr 1, 2017","Athena","PV","2017","Outdoor"
"Cardwell-Copenhefer, Zoe","FR-1","2.75m","9' 0.25""","SCIAC Track and Field Multi-Dual # 1","Mar 4, 2017","Athena","PV","2017","Outdoor"
"Cardwell-Copenhefer, Zoe","FR-1","2.75m","9' 0.25""","Redlands Invite (Colleges)","Mar 17, 2017","Athena","PV","2017","Outdoor"
"Cardwell-Copenhefer, Zoe","FR-1","2.75m","9' 0.25""","SCIAC Multi Dual 3 (Oxy/CLU/UR/CMS)","Apr 15, 2017","Athena","PV","2017","Outdoor"
"Cardwell-Copenhefer, Zoe","FR-1","2.62m","8' 7""","2017 SCIAC T&F Championships","Apr 28, 2017","Athena","PV","2017","Outdoor"
"Cardwell-Copenhefer, Zoe","FR-1","2.60m","8' 6.25""","Redlands Invite (Colleges)","Mar 17, 2017","Athena","PV","2017","Outdoor"
"Cardwell-Copenhefer, Zoe","FR-1","2.60m","8' 6.25""","SCIAC Multi-Dual No. 2","Apr 1, 2017","Athena","PV","2017","Outdoor"
"Cardwell-Copenhefer, Zoe","FR-1","2.60m","8' 6.25""","SCIAC Track and Field Multi-Dual # 1","Mar 4, 2017","Athena","PV","2017","Outdoor"
"Cardwell-Copenhefer, Zoe","FR-1","2.59m","8' 6""","SCIAC Multi Dual 3 (Oxy/CLU/UR/CMS)","Apr 15, 2017","Athena","PV","2017","Outdoor"
"Cardwell-Copenhefer, Zoe","FR-1","2.50m","8' 2.5""","2017 Pomona-Pitzer T&F Invite","Apr 8, 2017","Athena","PV","2017","Outdoor"
"Cardwell-Copenhefer, Zoe","FR-1","2.45m","8' 0.5""","Redlands Invite (Colleges)","Mar 17, 2017","Athena","PV","2017","Outdoor"
"Cardwell-Copenhefer, Zoe","FR-1","2.45m","8' 0.5""","SCIAC Track and Field Multi-Dual # 1","Mar 4, 2017","Athena","PV","2017","Outdoor"
"Cardwell-Copenhefer, Zoe","FR-1","2.30m","7' 6.5""","SCIAC Track and Field Multi-Dual # 1","Mar 4, 2017","Athena","PV","2017","Outdoor"
