"Athlete","Year","Mark","Conv","Meet","Meet_Date","Team","Event","Season","Location"
"Chami, Dani","JR-3","3.10m","10' 2""","2018 Pomona-Pitzer T&F Invite","Apr 7, 2018","Athena","PV","2018","Outdoor"
"Sepulveda, Ariel","FR-1","3.07m","10' 0.75""","SCIAC Outdoor Track & Field Championships","Apr 27, 2018","Athena","PV","2018","Outdoor"
"Chami, Dani","JR-3","3.05m","10' 0""","SCIAC Multi-Dual #2 at Whittier","Mar 31, 2018","Athena","PV","2018","Outdoor"
"Chami, Dani","JR-3","3.05m","10' 0""","SCIAC Multi-Dual #1","Mar 3, 2018","Athena","PV","2018","Outdoor"
"Sepulveda, Ariel","FR-1","3.05m","10' 0""","Titan Twilight","May 5, 2018","Athena","PV","2018","Outdoor"
"Chami, Dani","JR-3","3.05m","10' 0""","SCIAC Multi Dual #3 @ CMS","Apr 14, 2018","Athena","PV","2018","Outdoor"
"Chami, Dani","JR-3","3.05m","10' 0""","22nd Rossi Relays","Feb 24, 2018","Athena","PV","2018","Outdoor"
"Chami, Dani","JR-3","3.00m","9' 10""","Redlands Invitational","Mar 16, 2018","Athena","PV","2018","Outdoor"
"Sepulveda, Ariel","FR-1","3.00m","9' 10""","Redlands Invitational","Mar 16, 2018","Athena","PV","2018","Outdoor"
"Sepulveda, Ariel","FR-1","2.95m","9' 8""","2018 Pomona-Pitzer T&F Invite","Apr 7, 2018","Athena","PV","2018","Outdoor"
"Chami, Dani","JR-3","2.95m","9' 8""","2018 Pomona-Pitzer T&F Invite","Apr 7, 2018","Athena","PV","2018","Outdoor"
"Sepulveda, Ariel","FR-1","2.92m","9' 7""","SCIAC Outdoor Track & Field Championships","Apr 27, 2018","Athena","PV","2018","Outdoor"
"Chami, Dani","JR-3","2.92m","9' 7""","SCIAC Outdoor Track & Field Championships","Apr 27, 2018","Athena","PV","2018","Outdoor"
"Cardwell-Copenhefer, Zoe","SO-2","2.90m","9' 6.25""","SCIAC Multi-Dual #2 at Whittier","Mar 31, 2018","Athena","PV","2018","Outdoor"
"Chami, Dani","JR-3","2.90m","9' 6.25""","SCIAC Multi Dual #3 @ CMS","Apr 14, 2018","Athena","PV","2018","Outdoor"
"Sepulveda, Ariel","FR-1","2.90m","9' 6.25""","SCIAC Multi Dual #3 @ CMS","Apr 14, 2018","Athena","PV","2018","Outdoor"
"Sepulveda, Ariel","FR-1","2.90m","9' 6.25""","22nd Rossi Relays","Feb 24, 2018","Athena","PV","2018","Outdoor"
"Sepulveda, Ariel","FR-1","2.90m","9' 6.25""","SCIAC Multi-Dual #2 at Whittier","Mar 31, 2018","Athena","PV","2018","Outdoor"
"Sepulveda, Ariel","FR-1","2.90m","9' 6.25""","SCIAC Multi-Dual #1","Mar 3, 2018","Athena","PV","2018","Outdoor"
"Chami, Dani","JR-3","2.90m","9' 6.25""","SCIAC Multi-Dual #2 at Whittier","Mar 31, 2018","Athena","PV","2018","Outdoor"
"Chami, Dani","JR-3","2.90m","9' 6.25""","SCIAC Multi-Dual #1","Mar 3, 2018","Athena","PV","2018","Outdoor"
"Cardwell-Copenhefer, Zoe","SO-2","2.90m","9' 6.25""","22nd Rossi Relays","Feb 24, 2018","Athena","PV","2018","Outdoor"
"Chami, Dani","JR-3","2.85m","9' 4.25""","Redlands Invitational","Mar 16, 2018","Athena","PV","2018","Outdoor"
"Sepulveda, Ariel","FR-1","2.85m","9' 4.25""","Redlands Invitational","Mar 16, 2018","Athena","PV","2018","Outdoor"
"Sepulveda, Ariel","FR-1","2.85m","9' 4.25""","Titan Twilight","May 5, 2018","Athena","PV","2018","Outdoor"
"Sepulveda, Ariel","FR-1","2.80m","9' 2.25""","2018 Pomona-Pitzer T&F Invite","Apr 7, 2018","Athena","PV","2018","Outdoor"
"Cardwell-Copenhefer, Zoe","SO-2","2.77m","9' 1""","SCIAC Outdoor Track & Field Championships","Apr 27, 2018","Athena","PV","2018","Outdoor"
"Sepulveda, Ariel","FR-1","2.75m","9' 0.25""","SCIAC Multi-Dual #1","Mar 3, 2018","Athena","PV","2018","Outdoor"
"Cardwell-Copenhefer, Zoe","SO-2","2.75m","9' 0.25""","SCIAC Multi-Dual #2 at Whittier","Mar 31, 2018","Athena","PV","2018","Outdoor"
"Cardwell-Copenhefer, Zoe","SO-2","2.75m","9' 0.25""","2018 Pomona-Pitzer Collegiate All Comers","Feb 17, 2018","Athena","PV","2018","Outdoor"
"Chami, Dani","JR-3","2.75m","9' 0.25""","2018 Pomona-Pitzer Collegiate All Comers","Feb 17, 2018","Athena","PV","2018","Outdoor"
"Chami, Dani","JR-3","2.75m","9' 0.25""","SCIAC Multi-Dual #1","Mar 3, 2018","Athena","PV","2018","Outdoor"
"Cardwell-Copenhefer, Zoe","SO-2","2.70m","8' 10.25""","Redlands Invitational","Mar 16, 2018","Athena","PV","2018","Outdoor"
"Cardwell-Copenhefer, Zoe","SO-2","2.65m","8' 8.25""","2018 Pomona-Pitzer T&F Invite","Apr 7, 2018","Athena","PV","2018","Outdoor"
"Cardwell-Copenhefer, Zoe","SO-2","2.62m","8' 7""","SCIAC Outdoor Track & Field Championships","Apr 27, 2018","Athena","PV","2018","Outdoor"
"Chami, Dani","JR-3","2.60m","8' 6.25""","SCIAC Multi-Dual #1","Mar 3, 2018","Athena","PV","2018","Outdoor"
"Sepulveda, Ariel","FR-1","2.60m","8' 6.25""","SCIAC Multi-Dual #1","Mar 3, 2018","Athena","PV","2018","Outdoor"
"Cardwell-Copenhefer, Zoe","SO-2","2.60m","8' 6.25""","2018 Pomona-Pitzer Collegiate All Comers","Feb 17, 2018","Athena","PV","2018","Outdoor"
"Cardwell-Copenhefer, Zoe","SO-2","2.55m","8' 4.25""","Redlands Invitational","Mar 16, 2018","Athena","PV","2018","Outdoor"
"Cardwell-Copenhefer, Zoe","SO-2","2.47m","8' 1.25""","SCIAC Outdoor Track & Field Championships","Apr 27, 2018","Athena","PV","2018","Outdoor"
"Morken, Callie","FR-1","2.45m","8' 0.5""","SCIAC Multi Dual #3 @ CMS","Apr 14, 2018","Athena","PV","2018","Outdoor"
"Cardwell-Copenhefer, Zoe","SO-2","2.45m","8' 0.5""","2018 Pomona-Pitzer Collegiate All Comers","Feb 17, 2018","Athena","PV","2018","Outdoor"
"Morken, Callie","FR-1","2.35m","7' 8.5""","2018 Pomona-Pitzer T&F Invite","Apr 7, 2018","Athena","PV","2018","Outdoor"
"Morken, Callie","FR-1","2.30m","7' 6.5""","SCIAC Multi-Dual #2 at Whittier","Mar 31, 2018","Athena","PV","2018","Outdoor"
"Morken, Callie","FR-1","2.30m","7' 6.5""","SCIAC Multi Dual #3 @ CMS","Apr 14, 2018","Athena","PV","2018","Outdoor"
"Morken, Callie","FR-1","2.20m","7' 2.5""","2018 Pomona-Pitzer T&F Invite","Apr 7, 2018","Athena","PV","2018","Outdoor"
"Morken, Callie","FR-1","2.15m","7' 0.5""","2018 Pomona-Pitzer Collegiate All Comers","Feb 17, 2018","Athena","PV","2018","Outdoor"
"Morken, Callie","FR-1","2.15m","7' 0.5""","SCIAC Multi Dual #3 @ CMS","Apr 14, 2018","Athena","PV","2018","Outdoor"
"Morken, Callie","FR-1","2.15m","7' 0.5""","SCIAC Multi-Dual #2 at Whittier","Mar 31, 2018","Athena","PV","2018","Outdoor"
