"Athlete","Year","Mark","Conv","Meet","Meet_Date","Team","Event","Season","Location"
"Gallardo, Mikaela","JR-3","33.74m","110' 8""","SCIAC Outdoor Track & Field Championships","Apr 27, 2018","Athena","JT","2018","Outdoor"
"Gallardo, Mikaela","JR-3","32.63m","107' 1""","SCIAC Outdoor Track & Field Championships","Apr 27, 2018","Athena","JT","2018","Outdoor"
"Gallardo, Mikaela","JR-3","32.53m","106' 9""","SCIAC Multi-Dual #1","Mar 3, 2018","Athena","JT","2018","Outdoor"
"Gallardo, Mikaela","JR-3","32.35m","106' 2""","Titan Twilight","May 5, 2018","Athena","JT","2018","Outdoor"
"Gallardo, Mikaela","JR-3","32.29m","105' 11""","SCIAC Multi Dual #3 @ CMS","Apr 14, 2018","Athena","JT","2018","Outdoor"
"Gallop, Amanda","SO-2","32.26m","105' 10""","SCIAC Multi-Dual #2 at Whittier","Mar 31, 2018","Athena","JT","2018","Outdoor"
"Gallop, Amanda","SO-2","31.71m","104' 0""","Redlands Invitational","Mar 16, 2018","Athena","JT","2018","Outdoor"
"Gallop, Amanda","SO-2","31.42m","103' 1""","22nd Rossi Relays","Feb 24, 2018","Athena","JT","2018","Outdoor"
"Gallop, Amanda","SO-2","31.39m","103' 0""","Redlands Invitational","Mar 16, 2018","Athena","JT","2018","Outdoor"
"Gallardo, Mikaela","JR-3","31.26m","102' 7""","SCIAC Outdoor Track & Field Championships","Apr 27, 2018","Athena","JT","2018","Outdoor"
"Gallop, Amanda","SO-2","31.25m","102' 6""","SCIAC Multi-Dual #2 at Whittier","Mar 31, 2018","Athena","JT","2018","Outdoor"
"Gallardo, Mikaela","JR-3","31.20m","102' 4""","Titan Twilight","May 5, 2018","Athena","JT","2018","Outdoor"
"Gallop, Amanda","SO-2","31.15m","102' 2""","Redlands Invitational","Mar 16, 2018","Athena","JT","2018","Outdoor"
"Gallardo, Mikaela","JR-3","31.14m","102' 2""","SCIAC Outdoor Track & Field Championships","Apr 27, 2018","Athena","JT","2018","Outdoor"
"Gallop, Amanda","SO-2","31.12m","102' 1""","Redlands Invitational","Mar 16, 2018","Athena","JT","2018","Outdoor"
"Gallardo, Mikaela","JR-3","31.08m","102' 0""","SCIAC Multi Dual #3 @ CMS","Apr 14, 2018","Athena","JT","2018","Outdoor"
"Gallardo, Mikaela","JR-3","31.05m","101' 10""","SCIAC Multi Dual #3 @ CMS","Apr 14, 2018","Athena","JT","2018","Outdoor"
"Gallardo, Mikaela","JR-3","31.04m","101' 10""","SCIAC Multi-Dual #1","Mar 3, 2018","Athena","JT","2018","Outdoor"
"Gallop, Amanda","SO-2","30.96m","101' 7""","SCIAC Outdoor Track & Field Championships","Apr 27, 2018","Athena","JT","2018","Outdoor"
"Gallop, Amanda","SO-2","30.85m","101' 2""","SCIAC Multi-Dual #2 at Whittier","Mar 31, 2018","Athena","JT","2018","Outdoor"
"Gallop, Amanda","SO-2","30.72m","100' 9""","SCIAC Multi-Dual #1","Mar 3, 2018","Athena","JT","2018","Outdoor"
"Gallardo, Mikaela","JR-3","30.69m","100' 8""","Titan Twilight","May 5, 2018","Athena","JT","2018","Outdoor"
"Gallardo, Mikaela","JR-3","30.48m","100' 0""","SCIAC Multi-Dual #1","Mar 3, 2018","Athena","JT","2018","Outdoor"
"Gallop, Amanda","SO-2","30.48m","100' 0""","SCIAC Multi Dual #3 @ CMS","Apr 14, 2018","Athena","JT","2018","Outdoor"
"Gallop, Amanda","SO-2","30.32m","99' 6""","SCIAC Outdoor Track & Field Championships","Apr 27, 2018","Athena","JT","2018","Outdoor"
"Gallop, Amanda","SO-2","30.28m","99' 4""","2018 Pomona-Pitzer T&F Invite","Apr 7, 2018","Athena","JT","2018","Outdoor"
"Gallardo, Mikaela","JR-3","29.99m","98' 5""","Redlands Invitational","Mar 16, 2018","Athena","JT","2018","Outdoor"
"Gallop, Amanda","SO-2","29.93m","98' 2""","2018 Pomona-Pitzer Collegiate All Comers","Feb 17, 2018","Athena","JT","2018","Outdoor"
"Gallop, Amanda","SO-2","29.82m","97' 10""","SCIAC Multi Dual #3 @ CMS","Apr 14, 2018","Athena","JT","2018","Outdoor"
"Gallardo, Mikaela","JR-3","29.82m","97' 10""","Oxy Distance Carnival Spring Break Classic","Mar 10, 2018","Athena","JT","2018","Outdoor"
"Gallop, Amanda","SO-2","29.67m","97' 4""","SCIAC Multi Dual #3 @ CMS","Apr 14, 2018","Athena","JT","2018","Outdoor"
"Gallop, Amanda","SO-2","29.66m","97' 4""","Redlands Invitational","Mar 16, 2018","Athena","JT","2018","Outdoor"
"Gallop, Amanda","SO-2","29.58m","97' 0""","SCIAC Multi-Dual #1","Mar 3, 2018","Athena","JT","2018","Outdoor"
"Gallop, Amanda","SO-2","29.57m","97' 0""","SCIAC Outdoor Track & Field Championships","Apr 27, 2018","Athena","JT","2018","Outdoor"
"Gallardo, Mikaela","JR-3","29.52m","96' 10""","SCIAC Outdoor Track & Field Championships","Apr 27, 2018","Athena","JT","2018","Outdoor"
"Gallop, Amanda","SO-2","29.19m","95' 9""","SCIAC Outdoor Track & Field Championships","Apr 27, 2018","Athena","JT","2018","Outdoor"
"Gallop, Amanda","SO-2","29.16m","95' 8""","2018 Pomona-Pitzer Collegiate All Comers","Feb 17, 2018","Athena","JT","2018","Outdoor"
"Gallop, Amanda","SO-2","29.11m","95' 6""","Redlands Invitational","Mar 16, 2018","Athena","JT","2018","Outdoor"
"Gallardo, Mikaela","JR-3","29.10m","95' 6""","SCIAC Outdoor Track & Field Championships","Apr 27, 2018","Athena","JT","2018","Outdoor"
"Gallardo, Mikaela","JR-3","28.61m","93' 10""","SCIAC Multi-Dual #1","Mar 3, 2018","Athena","JT","2018","Outdoor"
"Gallop, Amanda","SO-2","28.53m","93' 7""","2018 Pomona-Pitzer T&F Invite","Apr 7, 2018","Athena","JT","2018","Outdoor"
"Gallop, Amanda","SO-2","28.53m","93' 7""","SCIAC Outdoor Track & Field Championships","Apr 27, 2018","Athena","JT","2018","Outdoor"
"Gallardo, Mikaela","JR-3","28.47m","93' 5""","Redlands Invitational","Mar 16, 2018","Athena","JT","2018","Outdoor"
"Gallop, Amanda","SO-2","28.43m","93' 3""","SCIAC Outdoor Track & Field Championships","Apr 27, 2018","Athena","JT","2018","Outdoor"
"Gallardo, Mikaela","JR-3","28.35m","93' 0""","Redlands Invitational","Mar 16, 2018","Athena","JT","2018","Outdoor"
"Gallardo, Mikaela","JR-3","28.25m","92' 8""","Redlands Invitational","Mar 16, 2018","Athena","JT","2018","Outdoor"
"Gallop, Amanda","SO-2","28.16m","92' 5""","SCIAC Multi-Dual #1","Mar 3, 2018","Athena","JT","2018","Outdoor"
"Gallop, Amanda","SO-2","28.10m","92' 2""","SCIAC Multi-Dual #1","Mar 3, 2018","Athena","JT","2018","Outdoor"
"Gallardo, Mikaela","JR-3","27.92m","91' 7""","Redlands Invitational","Mar 16, 2018","Athena","JT","2018","Outdoor"
"Gallardo, Mikaela","JR-3","27.63m","90' 8""","Oxy Distance Carnival Spring Break Classic","Mar 10, 2018","Athena","JT","2018","Outdoor"
"Gallop, Amanda","SO-2","27.43m","90' 0""","2018 Pomona-Pitzer Collegiate All Comers","Feb 17, 2018","Athena","JT","2018","Outdoor"
"Gallop, Amanda","SO-2","27.41m","89' 11""","2018 Pomona-Pitzer T&F Invite","Apr 7, 2018","Athena","JT","2018","Outdoor"
"Gallardo, Mikaela","JR-3","27.20m","89' 3""","Redlands Invitational","Mar 16, 2018","Athena","JT","2018","Outdoor"
"Gallop, Amanda","SO-2","27.06m","88' 9""","SCIAC Multi Dual #3 @ CMS","Apr 14, 2018","Athena","JT","2018","Outdoor"
"Gallop, Amanda","SO-2","25.39m","83' 4""","2018 Pomona-Pitzer Collegiate All Comers","Feb 17, 2018","Athena","JT","2018","Outdoor"
"Gallop, Amanda","SO-2","24.97m","81' 11""","SCIAC Multi-Dual #2 at Whittier","Mar 31, 2018","Athena","JT","2018","Outdoor"
"Gallop, Amanda","SO-2","24.68m","81' 0""","2018 Pomona-Pitzer T&F Invite","Apr 7, 2018","Athena","JT","2018","Outdoor"
"Marsh, Deyana","FR-1","21.03m","69' 0""","2018 Redlands Last Chance Qualifier","May 16, 2018","Athena","JT","2018","Outdoor"
"Morelan, Marika","SO-2","18.44m","60' 6""","SCIAC Multi Dual #3 @ CMS","Apr 14, 2018","Athena","JT","2018","Outdoor"
"Wilson, Alex","FR-1","18.23m","59' 10""","SCIAC Multi Dual #3 @ CMS","Apr 14, 2018","Athena","JT","2018","Outdoor"
"Morelan, Marika","SO-2","18.07m","59' 3""","SCIAC Multi Dual #3 @ CMS","Apr 14, 2018","Athena","JT","2018","Outdoor"
"Morelan, Marika","SO-2","18.06m","59' 3""","SCIAC Outdoor Track & Field Championships","Apr 27, 2018","Athena","JT","2018","Outdoor"
"Morelan, Marika","SO-2","17.89m","58' 8""","SCIAC Multi-Dual #2 at Whittier","Mar 31, 2018","Athena","JT","2018","Outdoor"
"Wilson, Alex","FR-1","17.75m","58' 3""","SCIAC Outdoor Track & Field Championships","Apr 27, 2018","Athena","JT","2018","Outdoor"
"Morelan, Marika","SO-2","17.70m","58' 1""","SCIAC Multi-Dual #2 at Whittier","Mar 31, 2018","Athena","JT","2018","Outdoor"
"Wilson, Alex","FR-1","17.48m","57' 4""","SCIAC Multi Dual #3 @ CMS","Apr 14, 2018","Athena","JT","2018","Outdoor"
"Morelan, Marika","SO-2","17.16m","56' 3""","SCIAC Multi-Dual #1","Mar 3, 2018","Athena","JT","2018","Outdoor"
"Morelan, Marika","SO-2","16.74m","54' 11""","SCIAC Multi-Dual #1","Mar 3, 2018","Athena","JT","2018","Outdoor"
"Morelan, Marika","SO-2","16.63m","54' 7""","SCIAC Multi-Dual #1","Mar 3, 2018","Athena","JT","2018","Outdoor"
"Morelan, Marika","SO-2","16.59m","54' 5""","SCIAC Multi Dual #3 @ CMS","Apr 14, 2018","Athena","JT","2018","Outdoor"
"Wilson, Alex","FR-1","16.25m","53' 4""","SCIAC Multi Dual #3 @ CMS","Apr 14, 2018","Athena","JT","2018","Outdoor"
"Morelan, Marika","SO-2","16.19m","53' 1""","SCIAC Multi-Dual #1","Mar 3, 2018","Athena","JT","2018","Outdoor"
"Morelan, Marika","SO-2","15.00m","49' 2""","Redlands Invitational","Mar 16, 2018","Athena","JT","2018","Outdoor"
"Morelan, Marika","SO-2","14.77m","48' 5""","SCIAC Multi-Dual #2 at Whittier","Mar 31, 2018","Athena","JT","2018","Outdoor"
"Morelan, Marika","SO-2","14.21m","46' 7""","Redlands Invitational","Mar 16, 2018","Athena","JT","2018","Outdoor"
"Morelan, Marika","SO-2","13.69m","44' 11""","Redlands Invitational","Mar 16, 2018","Athena","JT","2018","Outdoor"
"Wilson, Alex","FR-1","13.62m","44' 8""","SCIAC Multi Dual #3 @ CMS","Apr 14, 2018","Athena","JT","2018","Outdoor"
"Mknelly, Bailey","FR-1","13.47m","44' 2""","Claremont Classic","May 3, 2018","Athena","JT","2018","Outdoor"
"Morelan, Marika","SO-2","13.36m","43' 10""","SCIAC Multi Dual #3 @ CMS","Apr 14, 2018","Athena","JT","2018","Outdoor"
"Morelan, Marika","SO-2","12.72m","41' 9""","SCIAC Multi-Dual #2 at Whittier","Mar 31, 2018","Athena","JT","2018","Outdoor"
