"Athlete","Year","Mark","Conv","Meet","Meet_Date","Wind","Team","Event","Season","Location"
"Mell, Amanda","SR-4","11.33m","37' 2.25""","SCIAC Multi Dual WC/OXY/CMS/CU/CIT","Mar 7, 2020",0,"Athena","TJ","2020","Outdoor"
"Weisman , Carolyn","JR-3","11.24m","36' 10.5""","2020 Pomona-Pitzer Collegiate All Comers","Feb 15, 2020",0,"Athena","TJ","2020","Outdoor"
"Weisman , Carolyn","JR-3","11.14m","36' 6.75""","2020 Pomona-Pitzer Collegiate All Comers","Feb 15, 2020",0.4,"Athena","TJ","2020","Outdoor"
"Mell, Amanda","SR-4","11.14m","36' 6.75""","Rossi Relays","Feb 22, 2020",1.6,"Athena","TJ","2020","Outdoor"
"Weisman , Carolyn","JR-3","11.13m","36' 6.25""","SCIAC Multi Dual WC/OXY/CMS/CU/CIT","Mar 7, 2020",0,"Athena","TJ","2020","Outdoor"
"Mell, Amanda","SR-4","11.12m","36' 5.75""","SCIAC Multi Dual WC/OXY/CMS/CU/CIT","Mar 7, 2020",0,"Athena","TJ","2020","Outdoor"
"Weisman , Carolyn","JR-3","11.09m","36' 4.75""","Rossi Relays","Feb 22, 2020",0.5,"Athena","TJ","2020","Outdoor"
"Weisman , Carolyn","JR-3","11.08m","36' 4.25""","SCIAC Multi Dual WC/OXY/CMS/CU/CIT","Mar 7, 2020",0,"Athena","TJ","2020","Outdoor"
"Weisman , Carolyn","JR-3","11.06m","36' 3.5""","Rossi Relays","Feb 22, 2020",1.3,"Athena","TJ","2020","Outdoor"
"Mell, Amanda","SR-4","11.05m","36' 3""","Rossi Relays","Feb 22, 2020",1.4,"Athena","TJ","2020","Outdoor"
"Mell, Amanda","SR-4","11.01m","36' 1.5""","SCIAC Multi Dual WC/OXY/CMS/CU/CIT","Mar 7, 2020",0,"Athena","TJ","2020","Outdoor"
"Weisman , Carolyn","JR-3","10.96m","35' 11.5""","SCIAC Multi Dual WC/OXY/CMS/CU/CIT","Mar 7, 2020",0.7,"Athena","TJ","2020","Outdoor"
"Weisman , Carolyn","JR-3","10.82m","35' 6""","SCIAC Multi Dual WC/OXY/CMS/CU/CIT","Mar 7, 2020",-1,"Athena","TJ","2020","Outdoor"
"Weisman , Carolyn","JR-3","10.75m","35' 3.25""","2020 Pomona-Pitzer Collegiate All Comers","Feb 15, 2020",-0.5,"Athena","TJ","2020","Outdoor"
"Mell, Amanda","SR-4","10.57m","34' 8.25""","Rossi Relays","Feb 22, 2020",1.8,"Athena","TJ","2020","Outdoor"
"Renfro, Olivia","FR-1","10.46m","34' 4""","2020 Pomona-Pitzer Collegiate All Comers","Feb 15, 2020",-1.4,"Athena","TJ","2020","Outdoor"
"Renfro, Olivia","FR-1","10.21m","33' 6""","2020 Pomona-Pitzer Collegiate All Comers","Feb 15, 2020",0,"Athena","TJ","2020","Outdoor"
"Renfro, Olivia","FR-1","9.99m","32' 9.5""","2020 Pomona-Pitzer Collegiate All Comers","Feb 15, 2020",-0.5,"Athena","TJ","2020","Outdoor"
"Renfro, Olivia","FR-1","9.98m","32' 9""","2020 Pomona-Pitzer Collegiate All Comers","Feb 15, 2020",-1.9,"Athena","TJ","2020","Outdoor"
