"Athlete","Year","Mark","Conv","Meet","Meet_Date","Wind","Team","Event","Season","Location"
"Griffith, Sabrine","SR-4","5.67m","18' 7.25""","2020 Pomona-Pitzer Collegiate All Comers","Feb 15, 2020",0.3,"Athena","LJ","2020","Outdoor"
"Griffith, Sabrine","SR-4","5.44m","17' 10.25""","2020 Pomona-Pitzer Collegiate All Comers","Feb 15, 2020",-0.1,"Athena","LJ","2020","Outdoor"
"Griffith, Sabrine","SR-4","5.43m","17' 9.75""","2020 Pomona-Pitzer Collegiate All Comers","Feb 15, 2020",0,"Athena","LJ","2020","Outdoor"
"Griffith, Sabrine","SR-4","5.42m","17' 9.5""","SCIAC Multi Dual WC/OXY/CMS/CU/CIT","Mar 7, 2020",0.9,"Athena","LJ","2020","Outdoor"
"Griffith, Sabrine","SR-4","5.41m","17' 9""","SCIAC Multi Dual WC/OXY/CMS/CU/CIT","Mar 7, 2020",-0.3,"Athena","LJ","2020","Outdoor"
"Mell, Amanda","SR-4","5.37m","17' 7.5""","SCIAC Multi Dual WC/OXY/CMS/CU/CIT","Mar 7, 2020",0.3,"Athena","LJ","2020","Outdoor"
"Griffith, Sabrine","SR-4","5.34m","17' 6.25""","2020 Pomona-Pitzer Collegiate All Comers","Feb 15, 2020",0.1,"Athena","LJ","2020","Outdoor"
"Mell, Amanda","SR-4","5.32m","17' 5.5""","2020 Pomona-Pitzer Collegiate All Comers","Feb 15, 2020",0,"Athena","LJ","2020","Outdoor"
"Pratt, Grace","JR-3","5.27m","17' 3.5""","SCIAC Multi Dual WC/OXY/CMS/CU/CIT","Mar 7, 2020",1,"Athena","LJ","2020","Outdoor"
"Mell, Amanda","SR-4","5.27m","17' 3.5""","2020 Pomona-Pitzer Collegiate All Comers","Feb 15, 2020",-1,"Athena","LJ","2020","Outdoor"
"Mell, Amanda","SR-4","5.26m","17' 3.25""","2020 Pomona-Pitzer Collegiate All Comers","Feb 15, 2020",-0.3,"Athena","LJ","2020","Outdoor"
"Egerter, Aubrey","JR-3","5.21m","17' 1.25""","Rossi Relays","Feb 22, 2020",1.6,"Athena","LJ","2020","Outdoor"
"Griffith, Sabrine","SR-4","5.21m","17' 1.25""","Rossi Relays","Feb 22, 2020",1,"Athena","LJ","2020","Outdoor"
"Egerter, Aubrey","JR-3","5.20m","17' 0.75""","SCIAC Multi Dual WC/OXY/CMS/CU/CIT","Mar 7, 2020",1.1,"Athena","LJ","2020","Outdoor"
"Griffith, Sabrine","SR-4","5.20m","17' 0.75""","SCIAC Multi Dual WC/OXY/CMS/CU/CIT","Mar 7, 2020",0,"Athena","LJ","2020","Outdoor"
"Pratt, Grace","JR-3","5.19m","17' 0.5""","SCIAC Multi Dual WC/OXY/CMS/CU/CIT","Mar 7, 2020",0,"Athena","LJ","2020","Outdoor"
"Pratt, Grace","JR-3","5.10m","16' 8.75""","Rossi Relays","Feb 22, 2020",1,"Athena","LJ","2020","Outdoor"
"Griffith, Sabrine","SR-4","5.08m","16' 8""","Rossi Relays","Feb 22, 2020",1,"Athena","LJ","2020","Outdoor"
"Griffith, Sabrine","SR-4","5.06m","16' 7.25""","Rossi Relays","Feb 22, 2020",1.8,"Athena","LJ","2020","Outdoor"
"Pratt, Grace","JR-3","5.06m","16' 7.25""","Rossi Relays","Feb 22, 2020",1.7,"Athena","LJ","2020","Outdoor"
"Egerter, Aubrey","JR-3","5.06m","16' 7.25""","SCIAC Multi Dual WC/OXY/CMS/CU/CIT","Mar 7, 2020",0.2,"Athena","LJ","2020","Outdoor"
"Mell, Amanda","SR-4","5.04m","16' 6.5""","Rossi Relays","Feb 22, 2020",1.7,"Athena","LJ","2020","Outdoor"
"Mell, Amanda","SR-4","5.04m","16' 6.5""","SCIAC Multi Dual WC/OXY/CMS/CU/CIT","Mar 7, 2020",0,"Athena","LJ","2020","Outdoor"
"Mell, Amanda","SR-4","5.03m","16' 6""","Rossi Relays","Feb 22, 2020",1.9,"Athena","LJ","2020","Outdoor"
"Egerter, Aubrey","JR-3","4.89m","16' 0.5""","SCIAC Multi Dual WC/OXY/CMS/CU/CIT","Mar 7, 2020",0,"Athena","LJ","2020","Outdoor"
"Weisman , Carolyn","JR-3","4.86m","15' 11.5""","2020 Pomona-Pitzer Collegiate All Comers","Feb 15, 2020",0.5,"Athena","LJ","2020","Outdoor"
"Weisman , Carolyn","JR-3","4.84m","15' 10.5""","2020 Pomona-Pitzer Collegiate All Comers","Feb 15, 2020",0,"Athena","LJ","2020","Outdoor"
"Mell, Amanda","SR-4","4.84m","15' 10.5""","Rossi Relays","Feb 22, 2020",1.7,"Athena","LJ","2020","Outdoor"
"Egerter, Aubrey","JR-3","4.83m","15' 10.25""","Rossi Relays","Feb 22, 2020",1.9,"Athena","LJ","2020","Outdoor"
"Weisman , Carolyn","JR-3","4.83m","15' 10.25""","SCIAC Multi Dual WC/OXY/CMS/CU/CIT","Mar 7, 2020",0,"Athena","LJ","2020","Outdoor"
"Weisman , Carolyn","JR-3","4.75m","15' 7""","2020 Pomona-Pitzer Collegiate All Comers","Feb 15, 2020",0.4,"Athena","LJ","2020","Outdoor"
"Weisman , Carolyn","JR-3","4.71m","15' 5.5""","SCIAC Multi Dual WC/OXY/CMS/CU/CIT","Mar 7, 2020",-0.6,"Athena","LJ","2020","Outdoor"
"Renfro, Olivia","FR-1","4.70m","15' 5""","Rossi Relays","Feb 22, 2020",1.8,"Athena","LJ","2020","Outdoor"
"Mell, Amanda","SR-4","4.67m","15' 4""","Rossi Relays","Feb 22, 2020",-1,"Athena","LJ","2020","Outdoor"
"Renfro, Olivia","FR-1","4.39m","14' 5""","Rossi Relays","Feb 22, 2020",1.5,"Athena","LJ","2020","Outdoor"
"Fascetti, Ava","FR-1","4.24m","13' 11""","Rossi Relays","Feb 22, 2020",0.9,"Athena","LJ","2020","Outdoor"
"Fascetti, Ava","FR-1","3.99m","13' 1.25""","SCIAC Multi Dual WC/OXY/CMS/CU/CIT","Mar 7, 2020",-1.1,"Athena","LJ","2020","Outdoor"
"Fascetti, Ava","FR-1","3.97m","13' 0.25""","SCIAC Multi Dual WC/OXY/CMS/CU/CIT","Mar 7, 2020",0,"Athena","LJ","2020","Outdoor"
"Renfro, Olivia","FR-1","3.88m","12' 8.75""","Rossi Relays","Feb 22, 2020",1.9,"Athena","LJ","2020","Outdoor"
